image name,image,size,width,height
string,string,continuous,continuous,continuous
meta,meta origin=D:\images2k type=image,meta,meta,meta
image0,image0.png,1789974,1280,960
image1,image1.png,275575,500,364
image10,image10.png,167568,478,320
image100,image100.png,7176934,2244,3425
image1000,image1000.png,9593070,2592,3456
image1001,image1001.png,344316,500,374
image1002,image1002.png,3844367,2592,1944
image1003,image1003.png,119064,300,225
image1004,image1004.png,3222191,2592,1944
image1005,image1005.png,741708,1024,768
image1006,image1006.png,3960879,2272,1704
image1007,image1007.png,301010,500,375
image1008,image1008.png,1117268,1024,768
image1009,image1009.png,9703260,4256,2832
image101,image101.png,167566,400,600
image1010,image1010.png,446036,768,576
image1011,image1011.png,343384,550,550
image1012,image1012.png,7812507,2592,1944
image1013,image1013.png,217860,259,504
image1014,image1014.png,1386395,875,1166
image1015,image1015.png,273727,397,590
image1016,image1016.png,6376573,2400,1800
image1017,image1017.png,144072,347,260
image1018,image1018.png,1435663,1280,853
image1019,image1019.png,131203,256,256
image102,image102.png,1961532,1552,1164
image1020,image1020.png,132808,371,320
image1021,image1021.png,878629,1024,768
image1022,image1022.png,193857,300,277
image1023,image1023.png,162411,500,375
image1024,image1024.png,749792,768,576
image1025,image1025.png,4522987,2048,1536
image1026,image1026.png,1129416,767,1023
image1027,image1027.png,290995,640,480
image1028,image1028.png,377537,573,415
image1029,image1029.png,1125076,1181,754
image103,image103.png,670627,1068,1600
image1030,image1030.png,2758367,2048,1536
image1031,image1031.png,7393868,2736,3648
image1032,image1032.png,6637983,4121,2145
image1033,image1033.png,87881,300,225
image1034,image1034.png,2226400,1600,1200
image1035,image1035.png,447650,600,450
image1036,image1036.png,498818,657,493
image1037,image1037.png,223393,400,300
image1038,image1038.png,288530,500,375
image1039,image1039.png,4155480,2637,1964
image104,image104.png,1032922,1806,1302
image1040,image1040.png,1059599,800,1066
image1041,image1041.png,123903,300,213
image1042,image1042.png,116573,308,230
image1043,image1043.png,1365379,1045,1545
image1044,image1044.png,685957,1024,768
image1045,image1045.png,58308,237,215
image1046,image1046.png,2275162,1600,1200
image1047,image1047.png,4257736,2304,1728
image1048,image1048.png,113600,340,200
image1049,image1049.png,197302,509,342
image105,image105.png,114639,256,256
image1050,image1050.png,9247584,3000,2177
image1051,image1051.png,453042,640,480
image1052,image1052.png,121960,318,238
image1053,image1053.png,4218421,2046,1528
image1054,image1054.png,143270,300,298
image1055,image1055.png,3209615,2048,1536
image1056,image1056.png,96227,326,241
image1057,image1057.png,125640,256,256
image1058,image1058.png,318765,500,375
image1059,image1059.png,3842546,1846,1252
image106,image106.png,2325026,2538,1890
image1060,image1060.png,1802671,1280,960
image1061,image1061.png,145390,320,240
image1062,image1062.png,85936,300,215
image1063,image1063.png,6948089,3264,2448
image1064,image1064.png,176676,400,235
image1065,image1065.png,1186495,1045,672
image1066,image1066.png,237576,434,274
image1067,image1067.png,121587,300,214
image1068,image1068.png,501453,600,541
image1069,image1069.png,139562,400,300
image107,image107.png,69533,256,256
image1070,image1070.png,152406,384,256
image1071,image1071.png,205836,500,400
image1072,image1072.png,332601,640,480
image1073,image1073.png,800378,1024,768
image1074,image1074.png,1910847,1600,1200
image1075,image1075.png,3700678,2592,1944
image1076,image1076.png,1862219,1704,2272
image1077,image1077.png,821115,1200,1600
image1078,image1078.png,6248530,2592,1944
image1079,image1079.png,229308,335,512
image108,image108.png,5264697,2175,1450
image1080,image1080.png,3739672,2048,1536
image1081,image1081.png,677480,1024,768
image1082,image1082.png,636357,718,1024
image1083,image1083.png,1042930,1536,1024
image1084,image1084.png,3221282,2048,3072
image1085,image1085.png,2136021,1536,2048
image1086,image1086.png,92253,256,256
image1087,image1087.png,60755,203,270
image1088,image1088.png,85753,285,288
image1089,image1089.png,2060714,1200,1061
image109,image109.png,190088,346,231
image1090,image1090.png,1099156,960,1368
image1091,image1091.png,589662,1024,685
image1092,image1092.png,79672,256,256
image1093,image1093.png,3395159,2736,3648
image1094,image1094.png,1560746,1200,1600
image1095,image1095.png,1098214,1280,960
image1096,image1096.png,2102937,1200,1600
image1097,image1097.png,627823,500,750
image1098,image1098.png,94312,256,256
image1099,image1099.png,2922178,1536,2048
image11,image11.png,318556,568,400
image110,image110.png,2824937,1536,1024
image1100,image1100.png,70493,256,256
image1101,image1101.png,6378961,2112,2816
image1102,image1102.png,308336,497,503
image1103,image1103.png,114010,256,256
image1104,image1104.png,1248814,1200,1600
image1105,image1105.png,3512418,2048,1536
image1106,image1106.png,286811,419,512
image1107,image1107.png,307199,400,533
image1108,image1108.png,3509728,1197,1600
image1109,image1109.png,84741,288,172
image111,image111.png,67345,256,256
image1110,image1110.png,328815,431,296
image1111,image1111.png,103807,256,256
image1112,image1112.png,65674,256,256
image1113,image1113.png,2742105,1600,1067
image1114,image1114.png,246709,375,500
image1115,image1115.png,104516,300,225
image1116,image1116.png,3299000,2048,1536
image1117,image1117.png,2734880,2560,1920
image1118,image1118.png,669637,768,1024
image1119,image1119.png,1818111,1300,864
image112,image112.png,61544,256,256
image1120,image1120.png,101317,256,256
image1121,image1121.png,3031934,2304,1728
image1122,image1122.png,114820,239,248
image1123,image1123.png,419352,900,616
image1124,image1124.png,1224383,1280,960
image1125,image1125.png,616510,799,533
image1126,image1126.png,5617964,2832,2128
image1127,image1127.png,2316146,1536,1024
image1128,image1128.png,2676172,2048,1536
image1129,image1129.png,566389,1000,681
image113,image113.png,88673,256,256
image1130,image1130.png,3170526,1921,1441
image1131,image1131.png,431553,659,491
image1132,image1132.png,735913,1024,685
image1133,image1133.png,79906,256,256
image1134,image1134.png,157137,400,400
image1135,image1135.png,706364,1200,798
image1136,image1136.png,101788,350,247
image1137,image1137.png,108955,256,256
image1138,image1138.png,9200255,3072,2304
image1139,image1139.png,4538404,2580,1720
image114,image114.png,200262,600,450
image1140,image1140.png,138932,256,256
image1141,image1141.png,1179366,1152,881
image1142,image1142.png,77410,255,191
image1143,image1143.png,289821,600,400
image1144,image1144.png,4012072,2048,1536
image1145,image1145.png,6016423,3072,2304
image1146,image1146.png,3103538,1536,2048
image1147,image1147.png,76066,300,225
image1148,image1148.png,169924,500,333
image1149,image1149.png,677075,800,591
image115,image115.png,94129,273,204
image1150,image1150.png,1283389,960,1280
image1151,image1151.png,267335,493,371
image1152,image1152.png,4792124,2560,1920
image1153,image1153.png,433705,700,460
image1154,image1154.png,221073,500,333
image1155,image1155.png,130872,325,217
image1156,image1156.png,2820090,1600,1600
image1157,image1157.png,284507,512,376
image1158,image1158.png,89635,256,256
image1159,image1159.png,11386196,3648,2736
image116,image116.png,3664521,2592,1944
image1160,image1160.png,1972793,1600,1200
image1161,image1161.png,56713,300,225
image1162,image1162.png,1630046,1600,1200
image1163,image1163.png,276231,640,427
image1164,image1164.png,783768,1024,768
image1165,image1165.png,198385,512,340
image1166,image1166.png,915185,1280,960
image1167,image1167.png,782444,1024,683
image1168,image1168.png,1089741,1284,1026
image1169,image1169.png,1215178,2048,1536
image117,image117.png,757827,1200,848
image1170,image1170.png,814734,1152,864
image1171,image1171.png,4329679,2048,1536
image1172,image1172.png,1065988,1200,800
image1173,image1173.png,89268,256,256
image1174,image1174.png,1373506,1306,871
image1175,image1175.png,1545621,1280,960
image1176,image1176.png,200542,512,351
image1177,image1177.png,78178,300,225
image1178,image1178.png,337503,640,480
image1179,image1179.png,274978,640,480
image118,image118.png,762001,1024,768
image1180,image1180.png,576462,800,533
image1181,image1181.png,1448787,1200,1600
image1182,image1182.png,5402026,3264,2448
image1183,image1183.png,775774,1024,768
image1184,image1184.png,4531488,1536,2048
image1185,image1185.png,170857,430,509
image1186,image1186.png,174881,320,240
image1187,image1187.png,150687,400,222
image1188,image1188.png,582084,650,488
image1189,image1189.png,1274707,1152,776
image119,image119.png,2337324,1600,1200
image1190,image1190.png,112291,300,225
image1191,image1191.png,131328,256,256
image1192,image1192.png,332860,500,309
image1193,image1193.png,316292,560,418
image1194,image1194.png,648201,800,594
image1195,image1195.png,327564,529,395
image1196,image1196.png,398218,640,480
image1197,image1197.png,875435,1024,768
image1198,image1198.png,111815,256,256
image1199,image1199.png,1209731,1024,768
image12,image12.png,221792,430,430
image120,image120.png,2425572,1800,1200
image1200,image1200.png,192364,400,308
image1201,image1201.png,64067,256,256
image1202,image1202.png,96677,256,256
image1203,image1203.png,97897,256,256
image1204,image1204.png,120362,256,256
image1205,image1205.png,90857,256,256
image1206,image1206.png,85066,256,256
image1207,image1207.png,126727,256,256
image1208,image1208.png,110672,256,256
image1209,image1209.png,80582,256,256
image121,image121.png,5916471,3072,2304
image1210,image1210.png,63677,256,256
image1211,image1211.png,102914,256,256
image1212,image1212.png,3692288,2160,1440
image1213,image1213.png,756526,800,600
image1214,image1214.png,312918,512,341
image1215,image1215.png,187088,500,375
image1216,image1216.png,247778,425,282
image1217,image1217.png,165008,350,224
image1218,image1218.png,2611457,1800,1200
image1219,image1219.png,128685,375,234
image122,image122.png,72047,256,256
image1220,image1220.png,1380424,1280,853
image1221,image1221.png,102987,256,256
image1222,image1222.png,325690,500,379
image1223,image1223.png,6061219,3872,2592
image1224,image1224.png,1634711,1280,960
image1225,image1225.png,249964,500,394
image1226,image1226.png,1883892,1200,878
image1227,image1227.png,363859,480,329
image1228,image1228.png,679577,800,600
image1229,image1229.png,207811,400,272
image123,image123.png,2630520,1600,1200
image1230,image1230.png,98544,216,350
image1231,image1231.png,1512693,1024,768
image1232,image1232.png,155672,384,256
image1233,image1233.png,2460952,1600,1200
image1234,image1234.png,105918,256,256
image1235,image1235.png,262917,508,340
image1236,image1236.png,7073865,3072,2304
image1237,image1237.png,159235,320,240
image1238,image1238.png,326449,456,433
image1239,image1239.png,220373,400,298
image124,image124.png,530065,933,622
image1240,image1240.png,518862,640,480
image1241,image1241.png,404122,440,398
image1242,image1242.png,436292,690,570
image1243,image1243.png,396467,690,499
image1244,image1244.png,451502,686,457
image1245,image1245.png,160225,235,349
image1246,image1246.png,252998,500,333
image1247,image1247.png,136745,256,256
image1248,image1248.png,1565764,1280,960
image1249,image1249.png,108827,256,256
image125,image125.png,4522274,2048,1536
image1250,image1250.png,128825,256,256
image1251,image1251.png,208090,284,412
image1252,image1252.png,109915,256,256
image1253,image1253.png,3813272,2048,1536
image1254,image1254.png,790850,900,678
image1255,image1255.png,100777,256,256
image1256,image1256.png,240093,396,308
image1257,image1257.png,103289,256,256
image1258,image1258.png,169093,384,255
image1259,image1259.png,116050,256,256
image126,image126.png,973365,1024,668
image1260,image1260.png,84634,256,256
image1261,image1261.png,898930,800,600
image1262,image1262.png,4323144,2048,1536
image1263,image1263.png,1529974,1280,853
image1264,image1264.png,644627,1280,960
image1265,image1265.png,10681774,3800,2531
image1266,image1266.png,72577,256,256
image1267,image1267.png,65234,256,256
image1268,image1268.png,91378,256,256
image1269,image1269.png,77147,256,256
image127,image127.png,6870689,3072,2304
image1270,image1270.png,100395,256,256
image1271,image1271.png,3428925,2048,1536
image1272,image1272.png,7487308,2560,1920
image1273,image1273.png,4706661,2048,1536
image1274,image1274.png,7974207,3712,2500
image1275,image1275.png,1228065,1600,1200
image1276,image1276.png,10460976,3296,2472
image1277,image1277.png,131246,288,206
image1278,image1278.png,2507738,1600,1200
image1279,image1279.png,65256,256,256
image128,image128.png,577759,750,496
image1280,image1280.png,77291,256,256
image1281,image1281.png,130538,450,301
image1282,image1282.png,106117,256,256
image1283,image1283.png,5600735,2048,1536
image1284,image1284.png,177405,357,256
image1285,image1285.png,270648,550,435
image1286,image1286.png,537364,600,450
image1287,image1287.png,150990,256,256
image1288,image1288.png,137621,256,256
image1289,image1289.png,3449603,2400,1800
image129,image129.png,604145,900,599
image1290,image1290.png,3800780,2048,1536
image1291,image1291.png,5195414,4592,3056
image1292,image1292.png,241382,300,400
image1293,image1293.png,261551,422,281
image1294,image1294.png,136953,333,250
image1295,image1295.png,409301,500,375
image1296,image1296.png,1033399,1152,864
image1297,image1297.png,1633205,1600,1200
image1298,image1298.png,120487,256,256
image1299,image1299.png,1285725,1280,960
image13,image13.png,4502181,2048,1536
image130,image130.png,91018,256,256
image1300,image1300.png,110509,300,225
image1301,image1301.png,1923675,1536,1024
image1302,image1302.png,112747,274,300
image1303,image1303.png,104128,300,223
image1304,image1304.png,271049,500,333
image1305,image1305.png,177361,236,352
image1306,image1306.png,844386,910,611
image1307,image1307.png,1006448,1024,683
image1308,image1308.png,609787,690,605
image1309,image1309.png,1006456,756,768
image131,image131.png,1992358,1200,799
image1310,image1310.png,566877,800,533
image1311,image1311.png,990747,1024,685
image1312,image1312.png,100388,256,256
image1313,image1313.png,85179,256,256
image1314,image1314.png,423109,800,533
image1315,image1315.png,117068,256,256
image1316,image1316.png,123459,256,256
image1317,image1317.png,254453,640,428
image1318,image1318.png,117444,256,256
image1319,image1319.png,676308,800,600
image132,image132.png,635030,800,1066
image1320,image1320.png,2880875,1600,1201
image1321,image1321.png,1717786,2048,1536
image1322,image1322.png,947991,1600,1200
image1323,image1323.png,116029,319,240
image1324,image1324.png,341094,586,390
image1325,image1325.png,97374,250,286
image1326,image1326.png,230742,300,400
image1327,image1327.png,186713,256,384
image1328,image1328.png,170861,500,375
image1329,image1329.png,2120729,1600,1197
image133,image133.png,746666,1280,960
image1330,image1330.png,3007377,2048,1360
image1331,image1331.png,2372177,1632,1224
image1332,image1332.png,9224989,3264,2448
image1333,image1333.png,1564530,1200,900
image1334,image1334.png,822757,800,600
image1335,image1335.png,976721,1024,768
image1336,image1336.png,5878811,3000,2000
image1337,image1337.png,495609,640,964
image1338,image1338.png,94179,300,228
image1339,image1339.png,372040,640,480
image134,image134.png,493585,800,530
image1340,image1340.png,218687,425,319
image1341,image1341.png,88874,210,281
image1342,image1342.png,1637685,1024,768
image1343,image1343.png,459156,706,524
image1344,image1344.png,472051,777,600
image1345,image1345.png,435708,634,478
image1346,image1346.png,1498727,1280,960
image1347,image1347.png,154152,256,256
image1348,image1348.png,130818,256,256
image1349,image1349.png,121230,256,256
image135,image135.png,82485,256,256
image1350,image1350.png,67896,256,256
image1351,image1351.png,123004,212,300
image1352,image1352.png,3089161,1500,1125
image1353,image1353.png,174489,239,320
image1354,image1354.png,386922,488,639
image1355,image1355.png,140134,256,256
image1356,image1356.png,407857,640,480
image1357,image1357.png,159494,320,232
image1358,image1358.png,109028,300,220
image1359,image1359.png,167195,256,256
image136,image136.png,171361,450,300
image1360,image1360.png,149728,256,256
image1361,image1361.png,124274,256,256
image1362,image1362.png,148372,256,256
image1363,image1363.png,144817,256,256
image1364,image1364.png,101534,256,256
image1365,image1365.png,150465,256,256
image1366,image1366.png,629571,469,744
image1367,image1367.png,568693,768,512
image1368,image1368.png,1378946,1024,768
image1369,image1369.png,269288,640,480
image137,image137.png,1232939,800,1200
image1370,image1370.png,106926,307,230
image1371,image1371.png,171946,400,287
image1372,image1372.png,465982,690,462
image1373,image1373.png,4063363,2560,1920
image1374,image1374.png,2702691,2048,1536
image1375,image1375.png,1031720,1024,768
image1376,image1376.png,160776,303,399
image1377,image1377.png,729554,1000,667
image1378,image1378.png,683327,526,800
image1379,image1379.png,1176052,1024,768
image138,image138.png,513595,750,495
image1380,image1380.png,1192953,1024,768
image1381,image1381.png,238720,483,349
image1382,image1382.png,1541054,2048,1536
image1383,image1383.png,241098,437,296
image1384,image1384.png,824289,800,600
image1385,image1385.png,97953,310,207
image1386,image1386.png,107881,250,194
image1387,image1387.png,1641791,1280,960
image1388,image1388.png,3268975,1600,1200
image1389,image1389.png,681154,887,593
image139,image139.png,227185,640,480
image1390,image1390.png,318501,450,290
image1391,image1391.png,252331,448,256
image1392,image1392.png,331892,480,363
image1393,image1393.png,212580,480,360
image1394,image1394.png,110629,256,256
image1395,image1395.png,102874,300,225
image1396,image1396.png,177406,432,576
image1397,image1397.png,3957607,2048,1536
image1398,image1398.png,437477,702,423
image1399,image1399.png,138873,311,244
image14,image14.png,900388,605,806
image140,image140.png,4528812,2400,1616
image1400,image1400.png,2637726,1499,996
image1401,image1401.png,3260067,1800,1200
image1402,image1402.png,202197,353,249
image1403,image1403.png,3079245,2048,1536
image1404,image1404.png,131367,256,256
image1405,image1405.png,73862,256,256
image1406,image1406.png,84902,256,256
image1407,image1407.png,69614,256,256
image1408,image1408.png,57256,256,256
image1409,image1409.png,85578,256,256
image141,image141.png,105620,256,256
image1410,image1410.png,63617,256,256
image1411,image1411.png,67674,256,256
image1412,image1412.png,98514,256,256
image1413,image1413.png,62746,256,256
image1414,image1414.png,66161,256,256
image1415,image1415.png,76034,256,256
image1416,image1416.png,451210,1024,768
image1417,image1417.png,97916,256,256
image1418,image1418.png,118713,256,256
image1419,image1419.png,256690,500,390
image142,image142.png,565960,900,598
image1420,image1420.png,1050765,1024,768
image1421,image1421.png,1356760,1166,1555
image1422,image1422.png,1432596,1280,960
image1423,image1423.png,110791,383,234
image1424,image1424.png,381701,399,571
image1425,image1425.png,240531,485,361
image1426,image1426.png,105127,250,250
image1427,image1427.png,237606,355,317
image1428,image1428.png,4280675,2048,1536
image1429,image1429.png,2534601,2048,1536
image143,image143.png,2124053,2400,1600
image1430,image1430.png,145725,350,234
image1431,image1431.png,16680524,4000,3000
image1432,image1432.png,1339391,1500,865
image1433,image1433.png,2493184,1632,1224
image1434,image1434.png,89791,256,256
image1435,image1435.png,2290022,1384,1042
image1436,image1436.png,448378,640,480
image1437,image1437.png,204846,401,289
image1438,image1438.png,892481,928,696
image1439,image1439.png,193011,500,340
image144,image144.png,100429,240,320
image1440,image1440.png,120459,384,256
image1441,image1441.png,462571,800,646
image1442,image1442.png,94580,400,300
image1443,image1443.png,207443,360,254
image1444,image1444.png,415752,541,431
image1445,image1445.png,223311,500,326
image1446,image1446.png,169445,247,356
image1447,image1447.png,938684,1024,768
image1448,image1448.png,816393,1200,902
image1449,image1449.png,107610,232,316
image145,image145.png,500605,800,533
image1450,image1450.png,133399,256,256
image1451,image1451.png,2559173,1280,960
image1452,image1452.png,97463,320,240
image1453,image1453.png,4734800,2592,1944
image1454,image1454.png,343969,700,525
image1455,image1455.png,4953930,2304,3072
image1456,image1456.png,5864366,2592,1944
image1457,image1457.png,259134,640,479
image1458,image1458.png,286336,640,480
image1459,image1459.png,130672,256,256
image146,image146.png,346009,800,524
image1460,image1460.png,2917516,1905,1270
image1461,image1461.png,3076189,2048,1536
image1462,image1462.png,61135,300,199
image1463,image1463.png,428750,800,600
image1464,image1464.png,1179302,1280,960
image1465,image1465.png,680116,1024,768
image1466,image1466.png,1079981,1142,856
image1467,image1467.png,231839,640,480
image1468,image1468.png,4296170,2304,1728
image1469,image1469.png,614740,800,600
image147,image147.png,68663,300,225
image1470,image1470.png,4806766,2592,1944
image1471,image1471.png,411672,800,612
image1472,image1472.png,95680,256,256
image1473,image1473.png,579935,800,533
image1474,image1474.png,2633794,1500,1002
image1475,image1475.png,247122,576,432
image1476,image1476.png,238557,512,340
image1477,image1477.png,1829756,1600,1200
image1478,image1478.png,123203,256,256
image1479,image1479.png,72121,225,300
image148,image148.png,4417072,2816,2112
image1480,image1480.png,88085,300,225
image1481,image1481.png,99068,256,256
image1482,image1482.png,74774,256,256
image1483,image1483.png,55959,225,300
image1484,image1484.png,322110,480,640
image1485,image1485.png,263109,640,480
image1486,image1486.png,1721978,1500,1200
image1487,image1487.png,7126653,3264,2448
image1488,image1488.png,121785,228,298
image1489,image1489.png,6591553,2272,1704
image149,image149.png,693913,1024,768
image1490,image1490.png,123320,256,256
image1491,image1491.png,114154,256,256
image1492,image1492.png,224728,500,356
image1493,image1493.png,273954,500,397
image1494,image1494.png,2817637,1600,1200
image1495,image1495.png,265376,360,270
image1496,image1496.png,1440390,1280,960
image1497,image1497.png,109399,256,256
image1498,image1498.png,864188,648,864
image1499,image1499.png,117781,300,225
image15,image15.png,514083,480,640
image150,image150.png,706166,1024,768
image1500,image1500.png,825316,1600,945
image1501,image1501.png,976577,1280,859
image1502,image1502.png,126373,300,225
image1503,image1503.png,278566,480,640
image1504,image1504.png,3487963,2592,1944
image1505,image1505.png,376049,700,468
image1506,image1506.png,115602,256,256
image1507,image1507.png,749331,1200,800
image1508,image1508.png,534533,800,534
image1509,image1509.png,1037803,600,900
image151,image151.png,126712,256,256
image1510,image1510.png,593854,800,533
image1511,image1511.png,487285,800,600
image1512,image1512.png,1126418,1200,805
image1513,image1513.png,942250,1024,668
image1514,image1514.png,682773,1000,635
image1515,image1515.png,105070,256,256
image1516,image1516.png,742198,1000,667
image1517,image1517.png,394187,720,480
image1518,image1518.png,559537,800,533
image1519,image1519.png,4663072,2095,1634
image152,image152.png,691153,1350,613
image1520,image1520.png,426215,678,434
image1521,image1521.png,423524,800,531
image1522,image1522.png,551570,800,533
image1523,image1523.png,69772,300,225
image1524,image1524.png,5997727,3297,2304
image1525,image1525.png,695154,800,531
image1526,image1526.png,240720,640,428
image1527,image1527.png,96465,256,256
image1528,image1528.png,117868,256,256
image1529,image1529.png,94711,320,240
image153,image153.png,6633990,2592,1944
image1530,image1530.png,824528,1280,803
image1531,image1531.png,667959,800,600
image1532,image1532.png,222026,640,480
image1533,image1533.png,4905727,2500,1667
image1534,image1534.png,198059,350,350
image1535,image1535.png,161379,400,300
image1536,image1536.png,494566,640,480
image1537,image1537.png,177278,341,239
image1538,image1538.png,1070735,768,1024
image1539,image1539.png,152872,300,225
image154,image154.png,66047,338,254
image1540,image1540.png,215414,400,300
image1541,image1541.png,522680,640,480
image1542,image1542.png,138379,250,250
image1543,image1543.png,690568,800,531
image1544,image1544.png,176416,375,281
image1545,image1545.png,13537613,3264,2448
image1546,image1546.png,4990750,2400,1595
image1547,image1547.png,202726,500,375
image1548,image1548.png,8329028,3072,2304
image1549,image1549.png,156709,447,290
image155,image155.png,422851,1200,662
image1550,image1550.png,177930,385,301
image1551,image1551.png,108143,256,256
image1552,image1552.png,88573,256,256
image1553,image1553.png,103509,256,256
image1554,image1554.png,1047831,783,560
image1555,image1555.png,2034219,1280,960
image1556,image1556.png,74535,256,256
image1557,image1557.png,91659,256,256
image1558,image1558.png,121752,256,256
image1559,image1559.png,89464,300,225
image156,image156.png,2947486,2048,1536
image1560,image1560.png,127015,335,250
image1561,image1561.png,446736,500,334
image1562,image1562.png,190382,500,375
image1563,image1563.png,107261,256,256
image1564,image1564.png,3094717,2048,1536
image1565,image1565.png,2272363,2048,1536
image1566,image1566.png,3265561,2048,1536
image1567,image1567.png,4417691,2048,1536
image1568,image1568.png,3001290,2048,1536
image1569,image1569.png,1633737,2048,1536
image157,image157.png,332574,640,480
image1570,image1570.png,4242428,2560,1920
image1571,image1571.png,4246179,2048,1536
image1572,image1572.png,3003687,2048,1536
image1573,image1573.png,223898,640,480
image1574,image1574.png,332530,428,640
image1575,image1575.png,2775828,2048,1536
image1576,image1576.png,3675707,1536,2048
image1577,image1577.png,237878,512,422
image1578,image1578.png,3895782,2592,1944
image1579,image1579.png,4763141,2560,1920
image158,image158.png,44339,300,225
image1580,image1580.png,4359368,2048,1536
image1581,image1581.png,4286789,2048,1536
image1582,image1582.png,3259086,2560,1920
image1583,image1583.png,2799364,1536,2048
image1584,image1584.png,2249006,2048,1536
image1585,image1585.png,2904420,2048,1536
image1586,image1586.png,4643725,2048,1536
image1587,image1587.png,2275214,2048,1536
image1588,image1588.png,2450457,2048,1536
image1589,image1589.png,1362108,960,1280
image159,image159.png,1086279,1200,812
image1590,image1590.png,300242,640,512
image1591,image1591.png,4120956,2592,1944
image1592,image1592.png,1987935,960,1280
image1593,image1593.png,4563842,2592,1944
image1594,image1594.png,3657048,2048,1536
image1595,image1595.png,4680506,2048,1536
image1596,image1596.png,1805303,2048,1536
image1597,image1597.png,1211538,1000,680
image1598,image1598.png,126213,256,256
image1599,image1599.png,166910,296,216
image16,image16.png,158126,204,380
image160,image160.png,919367,1000,692
image1600,image1600.png,71314,256,256
image1601,image1601.png,186706,398,263
image1602,image1602.png,79208,256,256
image1603,image1603.png,88264,256,256
image1604,image1604.png,1708369,1280,958
image1605,image1605.png,56911,256,256
image1606,image1606.png,239287,450,300
image1607,image1607.png,204525,392,264
image1608,image1608.png,67228,256,256
image1609,image1609.png,277261,620,413
image161,image161.png,113573,256,256
image1610,image1610.png,172224,459,203
image1611,image1611.png,224057,330,500
image1612,image1612.png,10413224,3888,2592
image1613,image1613.png,99660,256,256
image1614,image1614.png,193114,368,276
image1615,image1615.png,78229,256,256
image1616,image1616.png,1315700,1200,900
image1617,image1617.png,160997,256,256
image1618,image1618.png,277388,277,428
image1619,image1619.png,83150,256,256
image162,image162.png,303141,640,426
image1620,image1620.png,1616641,1326,964
image1621,image1621.png,3849019,1509,2001
image1622,image1622.png,83929,256,256
image1623,image1623.png,102028,256,256
image1624,image1624.png,64909,256,256
image1625,image1625.png,200805,400,300
image1626,image1626.png,159727,256,256
image1627,image1627.png,685712,700,467
image1628,image1628.png,276614,500,375
image1629,image1629.png,646705,700,527
image163,image163.png,3172668,2048,1536
image1630,image1630.png,1023129,600,1050
image1631,image1631.png,187470,400,222
image1632,image1632.png,84923,384,215
image1633,image1633.png,125026,300,400
image1634,image1634.png,2562435,1200,1600
image1635,image1635.png,8368349,1944,2592
image1636,image1636.png,260965,640,427
image1637,image1637.png,4109217,2048,1536
image1638,image1638.png,438064,800,600
image1639,image1639.png,83788,256,256
image164,image164.png,446176,674,547
image1640,image1640.png,1265219,1024,768
image1641,image1641.png,2102212,1500,1835
image1642,image1642.png,60663,256,256
image1643,image1643.png,3307186,2048,1536
image1644,image1644.png,3548695,2048,1536
image1645,image1645.png,80971,256,256
image1646,image1646.png,103533,256,256
image1647,image1647.png,92401,256,256
image1648,image1648.png,181132,400,267
image1649,image1649.png,112773,350,233
image165,image165.png,5008415,2592,1944
image1650,image1650.png,552095,640,480
image1651,image1651.png,1361037,1024,768
image1652,image1652.png,255596,333,345
image1653,image1653.png,330198,341,530
image1654,image1654.png,486187,650,450
image1655,image1655.png,421282,640,480
image1656,image1656.png,82913,240,320
image1657,image1657.png,98876,200,280
image1658,image1658.png,85923,200,235
image1659,image1659.png,178354,300,225
image166,image166.png,95174,256,256
image1660,image1660.png,138081,256,256
image1661,image1661.png,375286,442,600
image1662,image1662.png,3571210,2288,1712
image1663,image1663.png,301978,500,357
image1664,image1664.png,594606,592,413
image1665,image1665.png,167261,256,256
image1666,image1666.png,107485,355,204
image1667,image1667.png,180185,294,363
image1668,image1668.png,417679,640,480
image1669,image1669.png,97011,200,258
image167,image167.png,7874612,3216,2205
image1670,image1670.png,580827,750,568
image1671,image1671.png,118494,280,210
image1672,image1672.png,164594,263,350
image1673,image1673.png,215983,500,330
image1674,image1674.png,458220,586,349
image1675,image1675.png,1042452,1024,768
image1676,image1676.png,305975,500,333
image1677,image1677.png,1311670,1672,1113
image1678,image1678.png,187056,415,283
image1679,image1679.png,306121,600,450
image168,image168.png,315890,640,427
image1680,image1680.png,73193,200,200
image1681,image1681.png,136029,295,200
image1682,image1682.png,72585,216,231
image1683,image1683.png,202813,333,250
image1684,image1684.png,761613,540,788
image1685,image1685.png,609760,614,400
image1686,image1686.png,292126,460,368
image1687,image1687.png,174434,400,315
image1688,image1688.png,1270968,1024,768
image1689,image1689.png,7099087,2560,1920
image169,image169.png,1304437,2203,1469
image1690,image1690.png,791543,800,600
image1691,image1691.png,4779348,2048,1536
image1692,image1692.png,984225,873,588
image1693,image1693.png,238313,500,375
image1694,image1694.png,1781357,1600,1200
image1695,image1695.png,2423113,1600,1200
image1696,image1696.png,490494,740,493
image1697,image1697.png,568306,700,525
image1698,image1698.png,3243082,2048,1536
image1699,image1699.png,69192,256,256
image17,image17.png,132231,320,240
image170,image170.png,248565,640,428
image1700,image1700.png,1895779,1280,960
image1701,image1701.png,6063555,2592,1944
image1702,image1702.png,538655,600,480
image1703,image1703.png,440278,1000,642
image1704,image1704.png,89529,300,200
image1705,image1705.png,5688485,1800,2376
image1706,image1706.png,84988,300,225
image1707,image1707.png,583829,1024,768
image1708,image1708.png,1185966,1024,768
image1709,image1709.png,1900131,1280,960
image171,image171.png,3981214,2048,1536
image1710,image1710.png,398069,594,472
image1711,image1711.png,134405,320,240
image1712,image1712.png,188924,444,300
image1713,image1713.png,4492480,1704,2272
image1714,image1714.png,496623,687,454
image1715,image1715.png,2011248,1600,1200
image1716,image1716.png,255177,430,500
image1717,image1717.png,161261,290,290
image1718,image1718.png,338805,480,374
image1719,image1719.png,1512760,1536,1024
image172,image172.png,249812,640,480
image1720,image1720.png,137712,350,262
image1721,image1721.png,3604227,2048,1536
image1722,image1722.png,586021,1024,768
image1723,image1723.png,203824,400,300
image1724,image1724.png,242605,750,563
image1725,image1725.png,438833,556,371
image1726,image1726.png,398887,545,409
image1727,image1727.png,4031448,2048,1536
image1728,image1728.png,280074,640,480
image1729,image1729.png,139604,256,256
image173,image173.png,1418166,1280,1024
image1730,image1730.png,120656,256,256
image1731,image1731.png,2504519,1598,971
image1732,image1732.png,554809,834,548
image1733,image1733.png,383157,360,480
image1734,image1734.png,1070949,1280,960
image1735,image1735.png,73430,291,201
image1736,image1736.png,462015,512,384
image1737,image1737.png,533622,1024,768
image1738,image1738.png,564674,663,394
image1739,image1739.png,85719,360,203
image174,image174.png,709750,768,1024
image1740,image1740.png,176952,334,500
image1741,image1741.png,202152,405,282
image1742,image1742.png,838716,640,960
image1743,image1743.png,263607,540,361
image1744,image1744.png,9457674,2816,2112
image1745,image1745.png,257863,600,450
image1746,image1746.png,128101,256,256
image1747,image1747.png,142485,256,256
image1748,image1748.png,240633,400,300
image1749,image1749.png,2015449,1495,1215
image175,image175.png,731206,872,600
image1750,image1750.png,233537,400,300
image1751,image1751.png,103409,256,256
image1752,image1752.png,80975,256,256
image1753,image1753.png,109759,256,256
image1754,image1754.png,112335,256,256
image1755,image1755.png,99425,256,256
image1756,image1756.png,135975,256,256
image1757,image1757.png,105587,250,337
image1758,image1758.png,128223,256,256
image1759,image1759.png,148432,256,256
image176,image176.png,943042,768,1024
image1760,image1760.png,83222,256,256
image1761,image1761.png,577392,598,900
image1762,image1762.png,87345,200,300
image1763,image1763.png,84562,256,256
image1764,image1764.png,117664,256,256
image1765,image1765.png,117751,256,256
image1766,image1766.png,2298969,2048,1536
image1767,image1767.png,315944,500,334
image1768,image1768.png,5617157,2500,1662
image1769,image1769.png,322895,558,357
image177,image177.png,3689620,2048,1536
image1770,image1770.png,299905,576,432
image1771,image1771.png,481016,640,480
image1772,image1772.png,95046,256,256
image1773,image1773.png,1960796,1276,1952
image1774,image1774.png,103081,251,300
image1775,image1775.png,105373,320,240
image1776,image1776.png,2545274,1536,2048
image1777,image1777.png,3149822,2048,1536
image1778,image1778.png,4018393,2048,1536
image1779,image1779.png,4300114,2048,1536
image178,image178.png,784434,1024,768
image1780,image1780.png,2431404,2048,1536
image1781,image1781.png,5485442,2592,1944
image1782,image1782.png,1795955,1280,960
image1783,image1783.png,5794012,2592,1944
image1784,image1784.png,2563749,1600,1200
image1785,image1785.png,3819491,2048,1536
image1786,image1786.png,3645350,1536,2048
image1787,image1787.png,4445958,2048,1536
image1788,image1788.png,6552720,2592,1944
image1789,image1789.png,5558239,2592,1944
image179,image179.png,511202,1024,768
image1790,image1790.png,3053313,1600,1200
image1791,image1791.png,6561894,2560,1920
image1792,image1792.png,7290475,2592,1944
image1793,image1793.png,4525901,2048,1536
image1794,image1794.png,8077742,2560,1920
image1795,image1795.png,3060904,1600,1200
image1796,image1796.png,6664935,3504,2336
image1797,image1797.png,5055682,2592,1944
image1798,image1798.png,6701177,2592,1944
image1799,image1799.png,4211968,2592,1944
image18,image18.png,352131,600,402
image180,image180.png,92812,256,256
image1800,image1800.png,3886807,2048,1536
image1801,image1801.png,2768689,2048,1536
image1802,image1802.png,4433517,2048,1536
image1803,image1803.png,4184728,2048,1536
image1804,image1804.png,8225545,2560,1920
image1805,image1805.png,3890927,2048,1536
image1806,image1806.png,7110930,2560,1920
image1807,image1807.png,3103650,2048,1536
image1808,image1808.png,2097554,2048,1536
image1809,image1809.png,3275042,1536,2048
image181,image181.png,1279736,1929,1232
image1810,image1810.png,5231582,2592,1944
image1811,image1811.png,7979227,2560,1920
image1812,image1812.png,3009856,1600,1200
image1813,image1813.png,3332977,2048,1536
image1814,image1814.png,2146911,1600,1200
image1815,image1815.png,3338608,1536,2048
image1816,image1816.png,3022448,1536,2048
image1817,image1817.png,5696030,2592,1944
image1818,image1818.png,7687915,2560,1920
image1819,image1819.png,6004623,2592,1944
image182,image182.png,4644798,2048,1536
image1820,image1820.png,3332795,2048,1536
image1821,image1821.png,2557998,1600,1200
image1822,image1822.png,5996178,2592,1944
image1823,image1823.png,3041410,2048,1536
image1824,image1824.png,4198646,2048,1536
image1825,image1825.png,5643390,2592,1944
image1826,image1826.png,5230302,2592,1944
image1827,image1827.png,5063516,2592,1944
image1828,image1828.png,2893282,1600,1200
image1829,image1829.png,4573790,2048,1536
image183,image183.png,809156,800,1203
image1830,image1830.png,6585328,2560,1920
image1831,image1831.png,8461444,2560,1920
image1832,image1832.png,3031238,1536,2048
image1833,image1833.png,3009740,2048,1536
image1834,image1834.png,2146248,1600,1200
image1835,image1835.png,2525691,1600,1200
image1836,image1836.png,745478,780,1040
image1837,image1837.png,6302522,2560,1920
image1838,image1838.png,6815541,2560,1920
image1839,image1839.png,6979001,2592,1944
image184,image184.png,8133225,2576,1932
image1840,image1840.png,4193973,2048,1536
image1841,image1841.png,3228819,2048,1536
image1842,image1842.png,7355042,2560,1920
image1843,image1843.png,7006121,2592,1944
image1844,image1844.png,4773369,2048,1536
image1845,image1845.png,3121205,1600,1200
image1846,image1846.png,2487694,1600,1200
image1847,image1847.png,2988302,2048,1536
image1848,image1848.png,3822239,2048,1536
image1849,image1849.png,2535203,2048,1536
image185,image185.png,75117,240,180
image1850,image1850.png,3596776,2048,1536
image1851,image1851.png,7561421,2560,1920
image1852,image1852.png,7432165,2560,1920
image1853,image1853.png,3663619,2048,1536
image1854,image1854.png,3370178,2048,1536
image1855,image1855.png,2463542,1600,1200
image1856,image1856.png,2504592,2048,1536
image1857,image1857.png,7079415,2560,1920
image1858,image1858.png,3413228,2048,1536
image1859,image1859.png,99285,256,256
image186,image186.png,92451,290,255
image1860,image1860.png,98968,256,256
image1861,image1861.png,105588,256,256
image1862,image1862.png,99074,256,256
image1863,image1863.png,91056,256,256
image1864,image1864.png,91211,256,256
image1865,image1865.png,119635,256,256
image1866,image1866.png,102217,256,256
image1867,image1867.png,103768,256,256
image1868,image1868.png,131019,256,256
image1869,image1869.png,114759,256,256
image187,image187.png,115125,300,214
image1870,image1870.png,111131,256,256
image1871,image1871.png,109835,256,256
image1872,image1872.png,89109,256,256
image1873,image1873.png,104449,350,263
image1874,image1874.png,314099,500,500
image1875,image1875.png,291707,500,334
image1876,image1876.png,278681,408,334
image1877,image1877.png,667094,768,512
image1878,image1878.png,5909448,2288,1712
image1879,image1879.png,1160877,1280,960
image188,image188.png,146938,300,207
image1880,image1880.png,113994,250,201
image1881,image1881.png,646080,800,600
image1882,image1882.png,966171,1024,768
image1883,image1883.png,165860,384,256
image1884,image1884.png,360979,861,495
image1885,image1885.png,129036,256,256
image1886,image1886.png,668283,1000,748
image1887,image1887.png,224363,432,303
image1888,image1888.png,575281,640,426
image1889,image1889.png,1450180,1136,2102
image189,image189.png,385523,565,309
image1890,image1890.png,212434,402,302
image1891,image1891.png,311147,576,359
image1892,image1892.png,93009,290,218
image1893,image1893.png,403377,571,407
image1894,image1894.png,157769,291,212
image1895,image1895.png,1937089,1181,1785
image1896,image1896.png,66946,256,256
image1897,image1897.png,276770,640,480
image1898,image1898.png,97217,256,256
image1899,image1899.png,104874,256,256
image19,image19.png,127419,256,256
image190,image190.png,105366,228,233
image1900,image1900.png,254011,440,295
image1901,image1901.png,275041,500,375
image1902,image1902.png,292264,600,372
image1903,image1903.png,157306,256,256
image1904,image1904.png,151722,280,280
image1905,image1905.png,6087261,2272,1704
image1906,image1906.png,180621,480,360
image1907,image1907.png,88383,256,256
image1908,image1908.png,7420613,3264,2448
image1909,image1909.png,2026474,1600,1200
image191,image191.png,189083,400,300
image1910,image1910.png,96867,259,206
image1911,image1911.png,373759,500,397
image1912,image1912.png,210042,536,223
image1913,image1913.png,7273399,1640,2212
image1914,image1914.png,238197,400,258
image1915,image1915.png,224674,504,672
image1916,image1916.png,108059,256,256
image1917,image1917.png,112660,256,256
image1918,image1918.png,785561,800,600
image1919,image1919.png,79806,250,200
image192,image192.png,312033,530,360
image1920,image1920.png,134767,312,235
image1921,image1921.png,376635,640,359
image1922,image1922.png,1150834,1472,1104
image1923,image1923.png,156787,400,300
image1924,image1924.png,245602,600,450
image1925,image1925.png,91404,300,200
image1926,image1926.png,672979,508,640
image1927,image1927.png,185011,472,311
image1928,image1928.png,4060548,2048,1536
image1929,image1929.png,1514461,1728,1234
image193,image193.png,1191459,600,800
image1930,image1930.png,118355,234,311
image1931,image1931.png,542360,814,1085
image1932,image1932.png,4885140,2048,1536
image1933,image1933.png,1913161,1280,960
image1934,image1934.png,1677805,1600,1200
image1935,image1935.png,809863,576,864
image1936,image1936.png,2303878,1536,2048
image1937,image1937.png,108732,256,256
image1938,image1938.png,1178105,1280,960
image1939,image1939.png,126362,300,212
image194,image194.png,220813,616,462
image1940,image1940.png,108682,300,225
image1941,image1941.png,132688,320,240
image1942,image1942.png,9865975,3072,2304
image1943,image1943.png,86189,256,256
image1944,image1944.png,3884641,2288,1712
image1945,image1945.png,2699617,1360,2048
image1946,image1946.png,5956302,2576,1932
image1947,image1947.png,81133,256,256
image1948,image1948.png,8542424,2592,1944
image1949,image1949.png,2249062,1224,1632
image195,image195.png,581636,640,480
image1950,image1950.png,375933,450,600
image1951,image1951.png,752603,1024,768
image1952,image1952.png,115414,256,256
image1953,image1953.png,114937,256,256
image1954,image1954.png,90178,256,256
image1955,image1955.png,213980,302,415
image1956,image1956.png,102124,240,211
image1957,image1957.png,69055,225,225
image1958,image1958.png,7191963,3219,2577
image1959,image1959.png,6924596,3456,2304
image196,image196.png,549455,640,480
image1960,image1960.png,4305900,2048,1536
image1961,image1961.png,4919823,3072,2304
image1962,image1962.png,828263,1024,768
image1963,image1963.png,816436,600,843
image1964,image1964.png,467781,800,567
image1965,image1965.png,755731,800,533
image1966,image1966.png,3686057,1960,1416
image1967,image1967.png,2714987,2848,2134
image1968,image1968.png,9493952,2816,2112
image1969,image1969.png,3355869,2048,1536
image197,image197.png,5076010,4625,2592
image1970,image1970.png,3841777,2174,1626
image1971,image1971.png,684752,803,538
image1972,image1972.png,154776,256,256
image1973,image1973.png,103775,256,256
image1974,image1974.png,125313,256,256
image1975,image1975.png,5316073,3504,2336
image1976,image1976.png,6756147,2592,1944
image1977,image1977.png,124773,256,256
image1978,image1978.png,798305,800,600
image1979,image1979.png,96591,240,176
image198,image198.png,98857,350,233
image1980,image1980.png,381810,601,390
image1981,image1981.png,53222,256,256
image1982,image1982.png,664975,800,530
image1983,image1983.png,240710,381,381
image1984,image1984.png,155339,400,270
image1985,image1985.png,3985675,2048,1536
image1986,image1986.png,2880220,1360,2048
image1987,image1987.png,109600,236,267
image1988,image1988.png,360848,800,423
image1989,image1989.png,106339,256,256
image199,image199.png,123619,256,256
image1990,image1990.png,49402,256,256
image1991,image1991.png,2839949,2048,1536
image1992,image1992.png,3910178,2048,1536
image1993,image1993.png,3341996,2048,1536
image1994,image1994.png,3726323,2272,1704
image1995,image1995.png,140832,320,240
image1996,image1996.png,92835,256,256
image1997,image1997.png,65931,257,256
image1998,image1998.png,118834,256,256
image1999,image1999.png,114131,400,300
image2,image2.png,146493,400,300
image20,image20.png,1287666,1024,768
image200,image200.png,1223183,1979,815
image201,image201.png,94669,256,256
image202,image202.png,109143,256,256
image203,image203.png,132478,256,256
image204,image204.png,91710,256,256
image205,image205.png,88330,256,256
image206,image206.png,105362,256,256
image207,image207.png,118959,256,256
image208,image208.png,122520,256,256
image209,image209.png,88345,256,256
image21,image21.png,367915,400,365
image210,image210.png,123242,256,256
image211,image211.png,122611,256,256
image212,image212.png,108241,256,256
image213,image213.png,92549,280,227
image214,image214.png,383705,694,390
image215,image215.png,430759,450,600
image216,image216.png,2597910,1861,1200
image217,image217.png,351065,500,430
image218,image218.png,118222,300,240
image219,image219.png,102313,286,254
image22,image22.png,167134,267,400
image220,image220.png,508784,640,426
image221,image221.png,166548,302,402
image222,image222.png,2879641,1200,1600
image223,image223.png,105624,256,256
image224,image224.png,2378193,2048,1536
image225,image225.png,301409,648,441
image226,image226.png,756773,640,491
image227,image227.png,94132,300,225
image228,image228.png,8388185,2000,2952
image229,image229.png,197277,400,266
image23,image23.png,1187027,1000,750
image230,image230.png,204730,400,300
image231,image231.png,124105,300,225
image232,image232.png,1522641,758,1095
image233,image233.png,8141080,3504,1533
image234,image234.png,208810,350,467
image235,image235.png,380664,533,400
image236,image236.png,2714266,2038,3000
image237,image237.png,344723,540,405
image238,image238.png,411411,600,400
image239,image239.png,1431474,850,1004
image24,image24.png,134425,256,256
image240,image240.png,231717,533,400
image241,image241.png,201323,384,257
image242,image242.png,3712608,1500,1125
image243,image243.png,521793,690,621
image244,image244.png,1410071,1235,1000
image245,image245.png,381832,690,455
image246,image246.png,108400,350,232
image247,image247.png,99479,256,256
image248,image248.png,656543,1024,768
image249,image249.png,230007,472,352
image25,image25.png,329937,500,346
image250,image250.png,3846590,3072,2048
image251,image251.png,108214,300,222
image252,image252.png,3066183,1778,1432
image253,image253.png,113563,256,256
image254,image254.png,233390,420,325
image255,image255.png,1041527,768,1024
image256,image256.png,245343,493,375
image257,image257.png,596873,800,488
image258,image258.png,101022,256,256
image259,image259.png,81074,256,256
image26,image26.png,3937697,1738,1688
image260,image260.png,87045,256,256
image261,image261.png,101934,256,256
image262,image262.png,1885703,1600,1200
image263,image263.png,2534923,2048,1536
image264,image264.png,377039,648,486
image265,image265.png,291902,700,525
image266,image266.png,1542729,1600,1067
image267,image267.png,720150,800,600
image268,image268.png,98117,256,256
image269,image269.png,237962,410,327
image27,image27.png,7172747,1570,2353
image270,image270.png,90720,256,256
image271,image271.png,4319525,1712,2288
image272,image272.png,1954154,1800,1200
image273,image273.png,3514044,2288,1712
image274,image274.png,1881240,1280,960
image275,image275.png,225058,525,394
image276,image276.png,411949,500,462
image277,image277.png,1878617,1535,1063
image278,image278.png,301649,432,576
image279,image279.png,3761801,2048,1536
image28,image28.png,159918,324,335
image280,image280.png,87086,257,256
image281,image281.png,3253731,2048,1536
image282,image282.png,3705596,2048,1536
image283,image283.png,9247793,2592,1944
image284,image284.png,1230394,960,1280
image285,image285.png,6006033,2816,1592
image286,image286.png,409770,480,640
image287,image287.png,1821110,1280,960
image288,image288.png,95627,212,189
image289,image289.png,507360,509,426
image29,image29.png,1359460,1024,768
image290,image290.png,1157815,1154,800
image291,image291.png,1881768,1600,1200
image292,image292.png,559849,600,800
image293,image293.png,401569,600,450
image294,image294.png,1288640,1280,960
image295,image295.png,1566739,1600,1200
image296,image296.png,247404,500,375
image297,image297.png,566069,886,500
image298,image298.png,1405651,1444,963
image299,image299.png,344923,470,470
image3,image3.png,812207,1024,768
image30,image30.png,957531,1600,1200
image300,image300.png,809749,1024,768
image301,image301.png,118602,378,234
image302,image302.png,852727,803,1070
image303,image303.png,1386931,1063,808
image304,image304.png,6141161,2272,1704
image305,image305.png,697583,944,570
image306,image306.png,128356,256,256
image307,image307.png,296014,365,365
image308,image308.png,546991,480,640
image309,image309.png,1467202,1415,1095
image31,image31.png,2400034,2048,1536
image310,image310.png,516039,690,577
image311,image311.png,820855,600,800
image312,image312.png,2060289,1024,1057
image313,image313.png,949017,1024,683
image314,image314.png,1741376,1024,768
image315,image315.png,492473,990,658
image316,image316.png,3513241,1158,1600
image317,image317.png,477894,1024,683
image318,image318.png,4094657,1504,1600
image319,image319.png,96238,256,256
image32,image32.png,97253,320,240
image320,image320.png,808635,1000,667
image321,image321.png,5556378,2892,2264
image322,image322.png,1050880,1224,816
image323,image323.png,1165256,1024,768
image324,image324.png,1402667,1552,1168
image325,image325.png,274138,537,403
image326,image326.png,1010065,768,1024
image327,image327.png,235949,480,640
image328,image328.png,2076269,1200,1600
image329,image329.png,75075,200,265
image33,image33.png,2064200,1818,1228
image330,image330.png,413053,1025,769
image331,image331.png,7407556,3872,2592
image332,image332.png,322567,400,300
image333,image333.png,88545,240,320
image334,image334.png,104006,290,243
image335,image335.png,348815,500,375
image336,image336.png,397287,400,711
image337,image337.png,874360,1280,960
image338,image338.png,297792,308,430
image339,image339.png,265018,399,600
image34,image34.png,2067712,1921,1074
image340,image340.png,414882,640,480
image341,image341.png,1346072,1280,960
image342,image342.png,1018518,1200,800
image343,image343.png,158531,270,250
image344,image344.png,4712984,2048,1536
image345,image345.png,173538,400,280
image346,image346.png,208872,400,300
image347,image347.png,3605140,2272,1704
image348,image348.png,85097,256,256
image349,image349.png,111714,256,256
image35,image35.png,212295,400,400
image350,image350.png,89601,256,256
image351,image351.png,1717617,1280,960
image352,image352.png,1494041,1792,1200
image353,image353.png,3626265,1728,1296
image354,image354.png,314497,500,334
image355,image355.png,1301816,878,1059
image356,image356.png,244094,400,266
image357,image357.png,1039115,600,800
image358,image358.png,148510,300,260
image359,image359.png,499413,1024,768
image36,image36.png,172168,283,397
image360,image360.png,161043,256,256
image361,image361.png,167198,256,256
image362,image362.png,116252,256,256
image363,image363.png,131039,256,256
image364,image364.png,117304,256,256
image365,image365.png,160982,256,256
image366,image366.png,162131,256,256
image367,image367.png,147374,361,200
image368,image368.png,224703,250,375
image369,image369.png,788560,1161,767
image37,image37.png,109001,333,214
image370,image370.png,1283866,1024,768
image371,image371.png,6019870,2576,1932
image372,image372.png,440529,800,600
image373,image373.png,393361,686,481
image374,image374.png,4621983,2272,1704
image375,image375.png,4369278,2163,1700
image376,image376.png,1419084,2048,1360
image377,image377.png,303366,480,640
image378,image378.png,541227,700,525
image379,image379.png,104138,300,232
image38,image38.png,167493,316,466
image380,image380.png,80852,250,188
image381,image381.png,725013,980,583
image382,image382.png,187827,300,402
image383,image383.png,2896377,1500,1000
image384,image384.png,2211259,1600,1200
image385,image385.png,907876,1024,768
image386,image386.png,176174,464,285
image387,image387.png,783327,800,600
image388,image388.png,1413056,1280,960
image389,image389.png,119430,300,225
image39,image39.png,2174840,1200,1600
image390,image390.png,1841273,960,1280
image391,image391.png,565175,640,480
image392,image392.png,166819,320,240
image393,image393.png,99343,225,300
image394,image394.png,276544,500,375
image395,image395.png,478154,640,480
image396,image396.png,125987,256,256
image397,image397.png,174982,450,293
image398,image398.png,3666524,2048,1536
image399,image399.png,209795,450,256
image4,image4.png,178725,400,300
image40,image40.png,246165,640,427
image400,image400.png,122554,257,256
image401,image401.png,7755919,2525,1947
image402,image402.png,1212982,1200,893
image403,image403.png,7020046,3264,2448
image404,image404.png,71730,256,256
image405,image405.png,56199,256,256
image406,image406.png,65212,256,256
image407,image407.png,72823,256,256
image408,image408.png,70650,256,256
image409,image409.png,87500,256,256
image41,image41.png,64306,257,199
image410,image410.png,75964,256,256
image411,image411.png,56730,256,256
image412,image412.png,56879,256,256
image413,image413.png,77395,256,256
image414,image414.png,76134,256,256
image415,image415.png,63502,256,256
image416,image416.png,55156,256,256
image417,image417.png,585218,1024,768
image418,image418.png,147362,256,256
image419,image419.png,5060395,2592,1944
image42,image42.png,188639,430,296
image420,image420.png,113122,256,256
image421,image421.png,5682785,3072,2304
image422,image422.png,1144477,1280,960
image423,image423.png,869560,975,975
image424,image424.png,4163891,2288,1712
image425,image425.png,272478,633,416
image426,image426.png,1622144,1024,729
image427,image427.png,2711841,1661,1423
image428,image428.png,3962805,2304,1728
image429,image429.png,161489,300,300
image43,image43.png,6489866,3075,2058
image430,image430.png,118008,352,230
image431,image431.png,141423,448,299
image432,image432.png,2794375,2272,1704
image433,image433.png,1837175,1280,960
image434,image434.png,231486,479,319
image435,image435.png,6550307,2576,1932
image436,image436.png,2762116,1600,1200
image437,image437.png,277336,488,325
image438,image438.png,1244141,1296,972
image439,image439.png,345453,580,385
image44,image44.png,512924,1024,768
image440,image440.png,145012,569,386
image441,image441.png,257739,402,397
image442,image442.png,86895,256,256
image443,image443.png,327561,468,352
image444,image444.png,316095,510,344
image445,image445.png,5594168,2272,1704
image446,image446.png,2585814,2065,1671
image447,image447.png,274166,336,450
image448,image448.png,98568,256,256
image449,image449.png,64347,228,211
image45,image45.png,110305,500,375
image450,image450.png,8900613,2400,1800
image451,image451.png,137403,319,239
image452,image452.png,841600,800,600
image453,image453.png,10821017,4448,2906
image454,image454.png,5005059,2304,1728
image455,image455.png,291706,500,375
image456,image456.png,162685,300,225
image457,image457.png,460875,800,600
image458,image458.png,4393259,2576,1712
image459,image459.png,1894693,1200,937
image46,image46.png,319679,1024,768
image460,image460.png,1732110,1600,1199
image461,image461.png,50522,300,225
image462,image462.png,857521,934,623
image463,image463.png,355866,640,480
image464,image464.png,1238269,1237,1380
image465,image465.png,574434,800,533
image466,image466.png,5088682,2592,1944
image467,image467.png,1284948,1536,1024
image468,image468.png,1701024,1200,900
image469,image469.png,495301,1024,768
image47,image47.png,2550546,2304,1536
image470,image470.png,772497,1024,683
image471,image471.png,2418082,1400,1050
image472,image472.png,1057188,1024,709
image473,image473.png,1384239,960,1280
image474,image474.png,3660894,2304,1728
image475,image475.png,261394,512,431
image476,image476.png,245721,512,361
image477,image477.png,85263,225,300
image478,image478.png,4309727,2592,1944
image479,image479.png,829599,1024,682
image48,image48.png,5656912,2592,1944
image480,image480.png,4456849,2048,1536
image481,image481.png,92814,256,256
image482,image482.png,198974,512,340
image483,image483.png,98465,256,256
image484,image484.png,4919504,2937,2270
image485,image485.png,89367,256,256
image486,image486.png,265275,576,432
image487,image487.png,95279,256,256
image488,image488.png,77032,300,225
image489,image489.png,117250,300,233
image49,image49.png,278401,560,300
image490,image490.png,323887,500,325
image491,image491.png,147593,256,256
image492,image492.png,4936634,2272,1704
image493,image493.png,117487,400,300
image494,image494.png,2609847,1600,1200
image495,image495.png,684668,700,525
image496,image496.png,336235,640,480
image497,image497.png,882781,768,1024
image498,image498.png,90668,256,256
image499,image499.png,5845059,2400,1800
image5,image5.png,1378974,2048,1536
image50,image50.png,520842,640,480
image500,image500.png,6272179,2717,2087
image501,image501.png,13414188,2848,4288
image502,image502.png,2693005,3008,2000
image503,image503.png,391635,600,395
image504,image504.png,8182248,2560,1920
image505,image505.png,441678,800,533
image506,image506.png,307213,600,450
image507,image507.png,86450,300,224
image508,image508.png,956563,1024,693
image509,image509.png,1164960,1000,667
image51,image51.png,2010752,1600,1199
image510,image510.png,340165,640,480
image511,image511.png,237402,600,400
image512,image512.png,103897,256,256
image513,image513.png,636739,800,533
image514,image514.png,1230298,1024,681
image515,image515.png,1402151,1200,800
image516,image516.png,702362,1000,665
image517,image517.png,1006407,800,591
image518,image518.png,368010,711,471
image519,image519.png,606607,800,533
image52,image52.png,1001683,1311,874
image520,image520.png,584561,800,533
image521,image521.png,816453,1000,667
image522,image522.png,108061,256,256
image523,image523.png,665483,800,600
image524,image524.png,875234,1000,667
image525,image525.png,11439577,2592,3888
image526,image526.png,451290,800,600
image527,image527.png,1211938,1024,768
image528,image528.png,442450,640,480
image529,image529.png,1994283,1024,888
image53,image53.png,1008096,768,1024
image530,image530.png,748506,1024,768
image531,image531.png,982445,1270,836
image532,image532.png,3941003,2048,1536
image533,image533.png,165417,350,230
image534,image534.png,5846339,2576,1932
image535,image535.png,965650,768,1024
image536,image536.png,97259,210,310
image537,image537.png,354295,500,315
image538,image538.png,4059174,2331,1600
image539,image539.png,3955574,2048,1536
image54,image54.png,6171671,2816,2120
image540,image540.png,171855,348,316
image541,image541.png,896707,1224,918
image542,image542.png,5857974,1416,2480
image543,image543.png,281563,640,433
image544,image544.png,533685,750,562
image545,image545.png,6813108,1712,2288
image546,image546.png,509508,680,443
image547,image547.png,3015988,1600,1200
image548,image548.png,127881,300,234
image549,image549.png,590496,611,413
image55,image55.png,442802,800,600
image550,image550.png,2136458,1280,960
image551,image551.png,261965,600,400
image552,image552.png,114035,256,256
image553,image553.png,97850,256,256
image554,image554.png,1523940,1536,1024
image555,image555.png,6093560,2272,1704
image556,image556.png,123960,256,256
image557,image557.png,99475,256,256
image558,image558.png,82791,256,256
image559,image559.png,99732,256,256
image56,image56.png,6049947,2471,1974
image560,image560.png,2070295,1600,1200
image561,image561.png,240654,500,384
image562,image562.png,201287,598,333
image563,image563.png,3634574,2592,1944
image564,image564.png,109939,256,256
image565,image565.png,2923531,2592,1944
image566,image566.png,3600300,2048,1536
image567,image567.png,2942367,2048,1536
image568,image568.png,801458,1600,1200
image569,image569.png,3868809,2048,1536
image57,image57.png,373910,375,500
image570,image570.png,3085024,2048,1536
image571,image571.png,4753059,2048,1536
image572,image572.png,2476185,2048,1536
image573,image573.png,2923467,2048,1536
image574,image574.png,4083058,2592,1944
image575,image575.png,3371421,2048,1536
image576,image576.png,4873152,2048,1536
image577,image577.png,3189796,1944,2592
image578,image578.png,3095592,1536,2048
image579,image579.png,8951762,2336,3504
image58,image58.png,387018,500,375
image580,image580.png,3541622,2048,1536
image581,image581.png,2929577,2048,1536
image582,image582.png,3421577,1536,2048
image583,image583.png,2253375,1280,960
image584,image584.png,7715189,2560,1920
image585,image585.png,4915406,2560,1920
image586,image586.png,2550072,2048,1536
image587,image587.png,3503593,1536,2048
image588,image588.png,4128553,2048,1536
image589,image589.png,2580040,2048,1536
image59,image59.png,349160,500,375
image590,image590.png,3731374,2048,1536
image591,image591.png,5394723,2592,1944
image592,image592.png,3646062,2048,1536
image593,image593.png,4841421,2560,1920
image594,image594.png,2712630,2048,1536
image595,image595.png,1494579,1078,704
image596,image596.png,2782316,2048,1536
image597,image597.png,4080419,2048,1536
image598,image598.png,237834,437,283
image599,image599.png,330463,497,372
image6,image6.png,224979,500,342
image60,image60.png,137213,350,233
image600,image600.png,510940,700,429
image601,image601.png,356040,640,854
image602,image602.png,127161,256,256
image603,image603.png,1187467,800,658
image604,image604.png,141645,256,256
image605,image605.png,812117,496,768
image606,image606.png,500815,640,480
image607,image607.png,855350,800,602
image608,image608.png,54600,256,256
image609,image609.png,207997,400,267
image61,image61.png,108611,240,320
image610,image610.png,527722,640,480
image611,image611.png,593832,600,450
image612,image612.png,103231,256,256
image613,image613.png,167742,256,256
image614,image614.png,346613,600,396
image615,image615.png,216395,500,375
image616,image616.png,114273,320,239
image617,image617.png,329778,512,431
image618,image618.png,158808,295,261
image619,image619.png,3362268,1600,1200
image62,image62.png,352549,504,378
image620,image620.png,256838,319,425
image621,image621.png,168122,500,375
image622,image622.png,175810,302,275
image623,image623.png,430093,800,601
image624,image624.png,333406,500,333
image625,image625.png,167366,256,256
image626,image626.png,332737,337,500
image627,image627.png,322660,484,296
image628,image628.png,149561,260,350
image629,image629.png,56781,288,210
image63,image63.png,487487,600,450
image630,image630.png,295193,500,375
image631,image631.png,132320,256,256
image632,image632.png,64447,267,200
image633,image633.png,652773,800,536
image634,image634.png,262606,480,640
image635,image635.png,523661,800,600
image636,image636.png,975878,1024,768
image637,image637.png,301948,500,327
image638,image638.png,823629,1024,768
image639,image639.png,82998,360,239
image64,image64.png,329823,623,481
image640,image640.png,140383,400,300
image641,image641.png,339117,550,301
image642,image642.png,70382,280,210
image643,image643.png,1815590,1600,1200
image644,image644.png,4281774,2048,1536
image645,image645.png,83369,256,256
image646,image646.png,100377,256,256
image647,image647.png,88385,256,256
image648,image648.png,283509,600,454
image649,image649.png,192672,600,319
image65,image65.png,247156,360,480
image650,image650.png,102788,286,180
image651,image651.png,507984,800,546
image652,image652.png,857843,1139,707
image653,image653.png,318087,382,563
image654,image654.png,456326,640,480
image655,image655.png,183439,370,250
image656,image656.png,393070,600,450
image657,image657.png,503856,500,375
image658,image658.png,391062,500,333
image659,image659.png,422969,640,480
image66,image66.png,152998,270,360
image660,image660.png,258725,400,431
image661,image661.png,4901580,2400,1800
image662,image662.png,95058,256,256
image663,image663.png,461079,702,402
image664,image664.png,637143,717,467
image665,image665.png,100852,256,221
image666,image666.png,177686,350,234
image667,image667.png,483409,508,416
image668,image668.png,231821,480,323
image669,image669.png,410818,800,600
image67,image67.png,483651,580,435
image670,image670.png,273904,504,339
image671,image671.png,424374,567,366
image672,image672.png,336614,600,482
image673,image673.png,290041,572,341
image674,image674.png,829016,1024,683
image675,image675.png,269612,400,300
image676,image676.png,1498442,768,1024
image677,image677.png,597998,640,480
image678,image678.png,381429,512,418
image679,image679.png,559160,675,503
image68,image68.png,89404,252,222
image680,image680.png,319888,600,400
image681,image681.png,228620,392,264
image682,image682.png,292108,400,300
image683,image683.png,156536,400,300
image684,image684.png,523604,729,392
image685,image685.png,218566,500,375
image686,image686.png,955218,1024,768
image687,image687.png,199600,400,437
image688,image688.png,157530,360,287
image689,image689.png,5525248,2048,1536
image69,image69.png,106569,200,300
image690,image690.png,2770254,1600,1200
image691,image691.png,3178300,2048,1536
image692,image692.png,4046995,2048,1536
image693,image693.png,185781,420,315
image694,image694.png,295666,563,459
image695,image695.png,2861545,2048,1536
image696,image696.png,253191,399,600
image697,image697.png,294421,640,415
image698,image698.png,9414767,3072,2048
image699,image699.png,2227254,1600,1200
image7,image7.png,337549,375,500
image70,image70.png,99304,220,290
image700,image700.png,76265,256,256
image701,image701.png,52785,256,256
image702,image702.png,6643151,2560,1920
image703,image703.png,144616,350,243
image704,image704.png,145331,350,265
image705,image705.png,812724,1024,768
image706,image706.png,2087008,1280,960
image707,image707.png,253587,375,500
image708,image708.png,512394,799,533
image709,image709.png,3288727,2048,1536
image71,image71.png,464208,720,532
image710,image710.png,192491,363,230
image711,image711.png,109823,313,204
image712,image712.png,360027,597,448
image713,image713.png,76378,288,216
image714,image714.png,554291,1024,768
image715,image715.png,226421,450,298
image716,image716.png,850214,1024,768
image717,image717.png,115408,312,234
image718,image718.png,442262,530,768
image719,image719.png,3076983,1792,1200
image72,image72.png,424210,640,480
image720,image720.png,165359,350,249
image721,image721.png,339231,612,412
image722,image722.png,106920,283,217
image723,image723.png,695510,1024,768
image724,image724.png,99924,300,300
image725,image725.png,180881,400,270
image726,image726.png,138982,356,266
image727,image727.png,328975,500,334
image728,image728.png,143357,350,300
image729,image729.png,105119,320,251
image73,image73.png,276486,640,480
image730,image730.png,2290713,1200,1600
image731,image731.png,158530,256,256
image732,image732.png,2881303,1600,1095
image733,image733.png,145803,360,270
image734,image734.png,130081,300,225
image735,image735.png,259848,500,328
image736,image736.png,137745,320,240
image737,image737.png,202134,384,256
image738,image738.png,904021,1122,587
image739,image739.png,160844,384,288
image74,image74.png,2563989,1600,1200
image740,image740.png,243593,402,381
image741,image741.png,2101400,1280,1844
image742,image742.png,428214,589,645
image743,image743.png,164599,531,400
image744,image744.png,184525,360,270
image745,image745.png,221616,600,400
image746,image746.png,405830,500,375
image747,image747.png,136202,320,232
image748,image748.png,1053357,670,893
image749,image749.png,203560,356,432
image75,image75.png,7352569,2560,1920
image750,image750.png,382335,480,640
image751,image751.png,493220,584,456
image752,image752.png,667123,848,624
image753,image753.png,90152,256,256
image754,image754.png,1118705,774,1195
image755,image755.png,119815,256,256
image756,image756.png,114214,256,256
image757,image757.png,95426,256,256
image758,image758.png,60834,256,256
image759,image759.png,97113,256,256
image76,image76.png,215118,400,600
image760,image760.png,102100,256,256
image761,image761.png,106021,256,256
image762,image762.png,322232,375,500
image763,image763.png,84835,256,256
image764,image764.png,84102,256,256
image765,image765.png,124620,256,256
image766,image766.png,129023,256,256
image767,image767.png,1802072,1153,813
image768,image768.png,136963,256,256
image769,image769.png,411932,640,480
image77,image77.png,1012924,1536,2048
image770,image770.png,189566,360,270
image771,image771.png,188358,450,301
image772,image772.png,530136,460,682
image773,image773.png,82036,256,256
image774,image774.png,94917,256,256
image775,image775.png,139193,340,255
image776,image776.png,2335008,1600,1200
image777,image777.png,10813936,3504,2336
image778,image778.png,516421,640,480
image779,image779.png,8490424,2560,1920
image78,image78.png,893282,1280,857
image780,image780.png,5065589,2592,1944
image781,image781.png,5072608,2592,1944
image782,image782.png,2586689,1600,1200
image783,image783.png,2452395,2048,1536
image784,image784.png,7128499,3504,2336
image785,image785.png,4445510,2560,1920
image786,image786.png,4856969,2560,1920
image787,image787.png,6696498,2560,1920
image788,image788.png,623549,800,600
image789,image789.png,3253867,2048,1536
image79,image79.png,116418,239,320
image790,image790.png,2286428,2048,1536
image791,image791.png,6331054,2592,1944
image792,image792.png,3717344,2048,1536
image793,image793.png,3897008,2048,1536
image794,image794.png,402194,640,480
image795,image795.png,924595,800,600
image796,image796.png,3817297,2048,1536
image797,image797.png,10115164,3648,2736
image798,image798.png,5610269,2592,1944
image799,image799.png,5585562,2592,1944
image8,image8.png,2418830,1536,1024
image80,image80.png,686551,1728,2304
image800,image800.png,3692001,2048,1536
image801,image801.png,1932651,2048,1536
image802,image802.png,3680332,2272,1704
image803,image803.png,3370803,2048,1536
image804,image804.png,4581255,2272,1704
image805,image805.png,2990747,2048,1536
image806,image806.png,4108454,2048,1536
image807,image807.png,3869279,2048,1536
image808,image808.png,5542114,2592,1944
image809,image809.png,4013384,2048,1536
image81,image81.png,63903,256,256
image810,image810.png,504381,640,480
image811,image811.png,3420863,2048,1536
image812,image812.png,2387174,2048,1536
image813,image813.png,6884716,2592,1944
image814,image814.png,5703262,2592,1944
image815,image815.png,2317970,2048,1536
image816,image816.png,3346741,2048,1536
image817,image817.png,3908729,2048,1536
image818,image818.png,6246165,1944,2592
image819,image819.png,6519421,2592,1944
image82,image82.png,3812831,3072,2048
image820,image820.png,6856395,2592,1944
image821,image821.png,2883393,1600,1200
image822,image822.png,3592394,2048,1536
image823,image823.png,4260112,2048,1536
image824,image824.png,2201986,1600,1200
image825,image825.png,4476860,2048,1536
image826,image826.png,3326412,2048,1536
image827,image827.png,2348969,1600,1200
image828,image828.png,3687709,2048,1536
image829,image829.png,3650815,2048,1536
image83,image83.png,6462249,2816,2112
image830,image830.png,5507632,2592,1944
image831,image831.png,5331881,2560,1920
image832,image832.png,4265220,2592,1944
image833,image833.png,651513,800,600
image834,image834.png,2618033,1600,1200
image835,image835.png,2563319,1600,1200
image836,image836.png,3506711,2048,1536
image837,image837.png,3032393,1600,1200
image838,image838.png,9399336,3504,2336
image839,image839.png,6142024,2592,1944
image84,image84.png,84906,300,300
image840,image840.png,10459023,3504,2336
image841,image841.png,7653394,2560,1920
image842,image842.png,3540635,1536,2048
image843,image843.png,3776976,2048,1536
image844,image844.png,8083409,2560,1920
image845,image845.png,3396006,2048,1536
image846,image846.png,3947297,2048,1536
image847,image847.png,8019846,2560,1920
image848,image848.png,4337411,2048,1536
image849,image849.png,5650414,2592,1944
image85,image85.png,109024,294,294
image850,image850.png,6590865,2560,1920
image851,image851.png,2299897,1600,1200
image852,image852.png,7148877,2560,1920
image853,image853.png,5592985,2592,1944
image854,image854.png,6080313,2592,1944
image855,image855.png,2626929,2048,1536
image856,image856.png,4725363,2592,1944
image857,image857.png,7521527,2560,1920
image858,image858.png,2486576,1280,960
image859,image859.png,4414165,2592,1944
image86,image86.png,580366,1050,817
image860,image860.png,118573,256,256
image861,image861.png,104914,256,256
image862,image862.png,85130,256,256
image863,image863.png,107404,256,256
image864,image864.png,108146,256,256
image865,image865.png,105901,256,256
image866,image866.png,128421,256,256
image867,image867.png,86955,256,256
image868,image868.png,105932,256,256
image869,image869.png,110278,256,256
image87,image87.png,94948,233,300
image870,image870.png,101256,256,256
image871,image871.png,113454,256,256
image872,image872.png,102533,256,256
image873,image873.png,451313,550,368
image874,image874.png,301441,500,373
image875,image875.png,285191,500,375
image876,image876.png,193189,348,346
image877,image877.png,312783,500,332
image878,image878.png,186896,450,338
image879,image879.png,447937,640,480
image88,image88.png,77220,300,225
image880,image880.png,183631,478,296
image881,image881.png,310678,480,360
image882,image882.png,332548,520,391
image883,image883.png,95054,256,256
image884,image884.png,734128,1024,768
image885,image885.png,1152274,1189,784
image886,image886.png,322207,479,380
image887,image887.png,388411,500,349
image888,image888.png,332645,600,366
image889,image889.png,799237,768,1152
image89,image89.png,164876,282,512
image890,image890.png,969339,1280,960
image891,image891.png,99408,300,225
image892,image892.png,413678,500,375
image893,image893.png,115296,256,256
image894,image894.png,195702,357,336
image895,image895.png,6432759,2272,1704
image896,image896.png,91092,256,256
image897,image897.png,111997,256,256
image898,image898.png,202109,600,399
image899,image899.png,129222,256,256
image9,image9.png,325209,500,345
image90,image90.png,905327,797,1200
image900,image900.png,196659,420,315
image901,image901.png,183322,500,333
image902,image902.png,274978,512,584
image903,image903.png,391224,375,500
image904,image904.png,221093,384,256
image905,image905.png,846737,1024,682
image906,image906.png,97467,271,218
image907,image907.png,4943299,2560,1920
image908,image908.png,98319,256,256
image909,image909.png,86708,320,240
image91,image91.png,628017,1024,768
image910,image910.png,99984,375,234
image911,image911.png,83914,256,256
image912,image912.png,159060,332,241
image913,image913.png,483016,640,480
image914,image914.png,124558,500,375
image915,image915.png,114613,300,400
image916,image916.png,4446350,3072,1775
image917,image917.png,1754813,768,1024
image918,image918.png,4625385,2080,1544
image919,image919.png,162299,496,374
image92,image92.png,1526385,1200,1600
image920,image920.png,4170577,2560,1920
image921,image921.png,2009340,2160,1440
image922,image922.png,289230,400,279
image923,image923.png,317303,391,522
image924,image924.png,189160,300,400
image925,image925.png,115701,320,218
image926,image926.png,228388,500,375
image927,image927.png,2872543,2048,1536
image928,image928.png,328131,600,450
image929,image929.png,433402,645,484
image93,image93.png,2797112,1944,2896
image930,image930.png,525215,640,480
image931,image931.png,1241718,1536,1024
image932,image932.png,1155414,1440,2160
image933,image933.png,4216376,1984,1488
image934,image934.png,174989,320,229
image935,image935.png,582894,786,516
image936,image936.png,4769896,1944,2592
image937,image937.png,105004,256,256
image938,image938.png,939992,1024,686
image939,image939.png,2516103,2240,1488
image94,image94.png,160930,298,449
image940,image940.png,128568,256,256
image941,image941.png,9103924,3088,2320
image942,image942.png,105669,225,305
image943,image943.png,2904126,1600,1200
image944,image944.png,81664,256,256
image945,image945.png,1760835,1684,1263
image946,image946.png,468806,800,600
image947,image947.png,201500,300,450
image948,image948.png,2381211,2240,1488
image949,image949.png,1351435,2466,1806
image95,image95.png,6148218,2592,1944
image950,image950.png,3025558,1536,2048
image951,image951.png,145829,337,450
image952,image952.png,96612,256,256
image953,image953.png,110174,338,450
image954,image954.png,88449,256,256
image955,image955.png,160546,256,256
image956,image956.png,637926,499,700
image957,image957.png,83344,256,256
image958,image958.png,6912439,3072,2304
image959,image959.png,5080281,2272,1704
image96,image96.png,728460,800,1200
image960,image960.png,6117854,2560,1920
image961,image961.png,4364083,2896,1944
image962,image962.png,582953,800,600
image963,image963.png,126915,300,225
image964,image964.png,1106372,1024,683
image965,image965.png,516879,800,533
image966,image966.png,893875,1000,667
image967,image967.png,1260558,1184,888
image968,image968.png,3265184,2304,1536
image969,image969.png,5383975,2576,1932
image97,image97.png,3209442,2048,1536
image970,image970.png,2044098,1280,960
image971,image971.png,10268182,2835,2840
image972,image972.png,2068192,2000,1500
image973,image973.png,166066,256,256
image974,image974.png,116018,256,256
image975,image975.png,109036,256,256
image976,image976.png,5387460,2592,1944
image977,image977.png,76020,256,256
image978,image978.png,241629,465,331
image979,image979.png,93654,256,256
image98,image98.png,1193616,1280,960
image980,image980.png,376184,328,500
image981,image981.png,798485,800,583
image982,image982.png,89465,295,230
image983,image983.png,314648,555,416
image984,image984.png,866007,1102,633
image985,image985.png,69715,250,174
image986,image986.png,70630,256,256
image987,image987.png,2808599,1600,1200
image988,image988.png,155908,256,256
image989,image989.png,66387,267,200
image99,image99.png,1803948,1156,1556
image990,image990.png,86606,256,256
image991,image991.png,2287113,2048,1536
image992,image992.png,4064812,2048,1536
image993,image993.png,5546315,2592,1944
image994,image994.png,3911933,2592,1944
image995,image995.png,3291817,2048,1536
image996,image996.png,793397,768,1024
image997,image997.png,305696,500,333
image998,image998.png,114131,256,256
image999,image999.png,61270,250,200
zzzzzzz,zzzzzzz.png,55072,171,182
